pop_rank,city,state,pop_estimate,census,pop_delta,pop_density__mi,pop_density__km2,land_area__mi,land_area__km2,latitude,longitude,location
1,New York, New York,8622698,8175133,0.0547,301.5,780.9,28317,10933,40.6635,-73.9387,New York New York
2,Los Angeles, California,3999759,3792621,0.0546,468.7,1213.9,8484,3276,34.0194,-118.4108,Los Angeles California
3,Chicago, Illinois,2716450,2695598,0.0077,227.3,588.7,11900,4600,41.8376,-87.6818,Chicago Illinois
4,Houston, Texas,2312717,2100263,0.1012,637.5,1651.1,3613,1395,29.7866,-95.3909,Houston Texas
5,Phoenix, Arizona,1626078,1445632,0.12480000000000001,517.6,1340.6,3120,1200,33.5722,-112.0901,Phoenix Arizona
6,Philadelphia, Pennsylvania,1580863,1526006,0.0359,134.2,347.6,11683,4511,40.0094,-75.1333,Philadelphia Pennsylvania
7,San Antonio, Texas,1511946,1327407,0.139,461.0,1194.0,3238,1250,29.4724,-98.5251,San Antonio Texas
8,San Diego, California,1419516,1307402,0.0858,325.2,842.3,4325,1670,32.8153,-117.1350,San Diego California
9,Dallas, Texas,1341075,1197816,0.11960000000000001,340.9,882.9,3866,1493,32.7933,-96.7665,Dallas Texas
10,San Jose, California,1035317,945942,0.09449999999999999,177.5,459.7,5777,2231,37.2967,-121.8189,San Jose California
11,Austin, Texas,950715,790390,0.2028,312.7,809.9,3031,1170,30.3039,-97.7544,Austin Texas
12,Jacksonville, Florida,892062,821784,0.0855,747.4,1935.8,1178,455,30.3369,-81.6616,Jacksonville Florida
13,San Francisco, California,884363,805235,0.0983,46.9,121.5,18569,7170,37.7272,-123.0322,San Francisco California
14,Columbus, Ohio,879170,787033,0.11710000000000001,218.5,565.9,3936,1520,39.9852,-82.9848,Columbus Ohio
15,Fort Worth, Texas,874168,741206,0.1794,342.9,888.1,2491,962,32.7815,-97.3467,Fort Worth Texas
16,Indianapolis, Indiana,863002,820445,0.0519,361.5,936.3,2366,914,39.7767,-86.1459,Indianapolis Indiana
17,Charlotte, North Carolina,859035,731424,0.1745,305.4,791.0,2757,1064,35.2078,-80.8310,Charlotte North Carolina
18,Seattle, Washington,724745,608660,0.1907,83.8,217.0,8405,3245,47.6205,-122.3509,Seattle Washington
19,Denver, Colorado,704621,600158,0.1741,153.3,397.0,4521,1746,39.7619,-104.8811,Denver Colorado
20,Washington, District of Columbia,693972,601723,0.1533,61.1,158.2,11148,4304,38.9041,-77.0172,Washington District of Columbia
21,Boston, Massachusetts,685094,617594,0.1093,48.3,125.1,13938,5381,42.3320,-71.0202,Boston Massachusetts
22,El Paso, Texas,683577,649121,0.053099999999999994,256.8,665.1,2660,1030,31.8484,-106.4270,El Paso Texas
23,Detroit, Michigan,673104,713777,,138.8,359.5,4847,1871,42.3830,-83.1022,Detroit Michigan
24,Nashville, Tennessee,667560,601222,0.1103,475.9,1232.6,1388,536,36.1718,-86.7850,Nashville Tennessee
25,Memphis, Tennessee,652236,646889,0.0083,317.4,822.1,2056,794,35.1028,-89.9774,Memphis Tennessee
26,Portland, Oregon,647805,583776,0.1097,133.5,345.8,4793,1851,45.5370,-122.6500,Portland Oregon
27,Oklahoma City, Oklahoma,643648,579999,0.1097,606.3,1570.3,1053,407,35.4671,-97.5137,Oklahoma City Oklahoma
28,Las Vegas, Nevada,641676,583756,0.0992,134.4,348.1,4709,1818,36.2292,-115.2601,Las Vegas Nevada
29,Louisville, Kentucky,621349,597337,0.04019999999999999,263.5,682.5,2339,903,38.1654,-85.6474,Louisville Kentucky
30,Baltimore, Maryland,611648,620961,,80.9,209.5,7598,2934,39.3000,-76.6105,Baltimore Maryland
31,Milwaukee, Wisconsin,595351,594833,0.0009,96.2,249.2,6186,2388,43.0633,-87.9667,Milwaukee Wisconsin
32,Albuquerque, New Mexico,558545,545852,0.0233,188.2,487.4,2972,1147,35.1056,-106.6474,Albuquerque New Mexico
33,Tucson, Arizona,535677,520116,0.029900000000000003,230.8,597.8,2299,888,32.1531,-110.8706,Tucson Arizona
34,Fresno, California,527438,494665,0.0663,114.4,296.3,4563,1762,36.7836,-119.7934,Fresno California
35,Sacramento, California,501901,466488,0.0759,97.9,253.6,5059,1953,38.5666,-121.4686,Sacramento California
36,Mesa, Arizona,496401,439041,0.1306,137.9,357.2,3514,1357,33.4019,-111.7174,Mesa Arizona
37,Kansas City, Missouri,488943,459787,0.0634,315.0,815.8,1528,590,39.1251,-94.5510,Kansas City Missouri
38,Atlanta, Georgia,486290,420003,0.1578,133.5,345.8,3539,1366,33.7629,-84.4227,Atlanta Georgia
39,Long Beach, California,469450,462257,0.015600000000000001,50.3,130.3,9347,3609,33.8092,-118.1553,Long Beach California
40,Omaha, Nebraska,466893,408958,0.1417,133.2,345.0,3356,1296,41.2644,-96.0451,Omaha Nebraska
41,Raleigh, North Carolina,464758,403892,0.1507,145.1,375.8,3163,1221,35.8306,-78.6418,Raleigh North Carolina
42,Colorado Springs, Colorado,464474,416427,0.11539999999999999,195.6,506.6,2378,918,38.8673,-104.7607,Colorado Springs Colorado
43,Miami, Florida,463347,399457,0.15990000000000001,36.0,93.2,12599,4865,25.7752,-80.2086,Miami Florida
44,Virginia Beach, Virginia,450435,437994,0.028399999999999998,244.7,633.8,1850,710,36.7800,-76.0252,Virginia Beach Virginia
45,Oakland, California,425195,390724,0.0882,55.9,144.8,7514,2901,37.7698,-122.2257,Oakland California
46,Minneapolis, Minnesota,422331,382578,0.1039,54.0,139.9,7660,2960,44.9633,-93.2683,Minneapolis Minnesota
47,Tulsa, Oklahoma,401800,391906,0.0252,196.8,509.7,2048,791,36.1279,-95.9023,Tulsa Oklahoma
48,Arlington, Texas,396394,365438,0.08470000000000001,95.8,248.1,4100,1600,32.7007,-97.1247,Arlington Texas
49,New Orleans, Louisiana,393292,343829,0.1439,169.4,438.7,2311,892,30.0534,-89.9345,New Orleans Louisiana
50,Wichita, Kansas,390591,382368,0.0215,160.4,415.4,2431,939,37.6907,-97.3459,Wichita Kansas
51,Cleveland, Ohio,385525,396815,,77.7,201.2,4965,1917,41.4785,-81.6794,Cleveland Ohio
52,Tampa, Florida,385430,335709,0.1481,113.4,293.7,3326,1284,27.9701,-82.4797,Tampa Florida
53,Bakersfield, California,380874,347483,0.09609999999999999,148.8,385.4,2529,976,35.3212,-119.0183,Bakersfield California
54,Aurora, Colorado,366623,325078,0.1278,153.5,397.6,2356,910,39.6880,-104.6897,Aurora Colorado
55,Anaheim, California,352497,336265,0.0483,50.0,129.5,7021,2711,33.8555,-117.7601,Anaheim California
56,Honolulu, Hawaii,350395,337256,0.039,60.5,156.7,5815,2245,21.3243,-157.8476,Honolulu Hawaii
57,Santa Ana, California,334136,324528,0.0296,27.1,70.2,12333,4762,33.7363,-117.8830,Santa Ana California
58,Riverside, California,327728,303871,0.0785,81.2,210.3,3999,1544,33.9381,-117.3932,Riverside California
59,Corpus Christi, Texas,325605,305215,0.0668,174.6,452.2,1866,720,27.7543,-97.1734,Corpus Christi Texas
60,Lexington, Kentucky,321959,295803,0.08839999999999999,283.6,734.5,1123,434,38.0407,-84.4583,Lexington Kentucky
61,Stockton, California,310496,291707,0.0644,61.7,159.8,4977,1922,37.9763,-121.3133,Stockton California
62,St. Louis, Missouri,308626,319294,,62.0,160.6,5023,1939,38.6357,-90.2446,St. Louis Missouri
63,Saint Paul, Minnesota,306621,285068,0.0756,52.0,134.7,5815,2245,44.9489,-93.1041,Saint Paul Minnesota
64,Henderson, Nevada,302539,257729,0.1739,104.7,271.2,2798,1080,36.0097,-115.0357,Henderson Nevada
65,Pittsburgh, Pennsylvania,302407,305704,,55.4,143.5,5481,2116,40.4398,-79.9766,Pittsburgh Pennsylvania
66,Cincinnati, Ohio,301301,296943,0.0147,77.4,200.5,3860,1490,39.1402,-84.5058,Cincinnati Ohio
67,Anchorage, Alaska,294356,291826,0.0087,1706.6,4420.1,175,68,61.1743,-149.2843,Anchorage Alaska
68,Greensboro, North Carolina,290222,269666,0.0762,128.3,332.3,2237,864,36.0951,-79.8270,Greensboro North Carolina
69,Plano, Texas,286143,259841,0.1012,71.7,185.7,3990,1540,33.0508,-96.7479,Plano Texas
70,Newark, New Jersey,285154,277140,0.028900000000000002,24.1,62.4,11691,4514,40.7242,-74.1726,Newark New Jersey
71,Lincoln, Nebraska,284736,258379,0.102,92.1,238.5,3044,1175,40.8105,-96.6803,Lincoln Nebraska
72,Orlando, Florida,280257,238300,0.1761,105.2,272.5,2635,1017,28.4166,-81.2736,Orlando Florida
73,Irvine, California,277453,212375,0.3064,65.6,169.9,4057,1566,33.6784,-117.7713,Irvine California
74,Toledo, Ohio,276491,287208,,80.7,209.0,3451,1332,41.6641,-83.5819,Toledo Ohio
75,Jersey City, New Jersey,270753,247597,0.0935,14.8,38.3,17848,6891,40.7114,-74.0648,Jersey City New Jersey
76,Chula Vista, California,270471,243916,0.10890000000000001,49.6,128.5,5387,2080,32.6277,-117.0152,Chula Vista California
77,Durham, North Carolina,267743,228330,0.1726,109.8,284.4,2395,925,35.9811,-78.9029,Durham North Carolina
78,Fort Wayne, Indiana,265904,253691,0.0481,110.6,286.5,2391,923,41.0882,-85.1439,Fort Wayne Indiana
79,St. Petersburg, Florida,263255,244769,0.0755,61.8,160.1,4223,1631,27.7620,-82.6441,St. Petersburg Florida
80,Laredo, Texas,260654,236091,0.10400000000000001,101.1,261.8,2544,982,27.5604,-99.4892,Laredo Texas
81,Buffalo, New York,258612,261310,,40.4,104.6,6359,2455,42.8925,-78.8597,Buffalo New York
82,Madison, Wisconsin,255214,233209,0.0944,77.0,199.4,3280,1270,43.0878,-89.4299,Madison Wisconsin
83,Lubbock, Texas,253888,229573,0.1059,124.6,322.7,2027,783,33.5656,-101.8867,Lubbock Texas
84,Chandler, Arizona,253458,236123,0.07339999999999999,64.9,168.1,3813,1472,33.2829,-111.8549,Chandler Arizona
85,Scottsdale, Arizona,249950,217385,0.14980000000000002,183.9,476.3,1341,518,33.6843,-111.8611,Scottsdale Arizona
86,Reno, Nevada,248853,225221,0.10490000000000001,107.3,277.9,2286,883,39.5491,-119.8499,Reno Nevada
87,Glendale, Arizona,246709,226721,0.0882,59.1,153.1,4161,1607,33.5331,-112.1899,Glendale Arizona
88,Norfolk, Virginia,244703,242803,0.0078000000000000005,53.3,138.0,4599,1776,36.9230,-76.2446,Norfolk Virginia
89,Winston–Salem, North Carolina,244605,229617,0.0653,132.5,343.2,1828,706,36.1027,-80.2610,Winston–Salem North Carolina
90,North Las Vegas, Nevada,242975,216961,0.1199,98.0,253.8,2436,941,36.2857,-115.0939,North Las Vegas Nevada
91,Gilbert, Arizona,242354,208453,0.16260000000000002,68.0,176.1,3487,1346,33.3103,-111.7431,Gilbert Arizona
92,Chesapeake, Virginia,240397,222209,0.0819,338.5,876.7,703,271,36.6794,-76.3018,Chesapeake Virginia
93,Irving, Texas,240373,216290,0.11130000000000001,67.0,173.5,3557,1373,32.8577,-96.9700,Irving Texas
94,Hialeah, Florida,239673,224669,0.0668,21.5,55.7,10995,4245,25.8699,-80.3029,Hialeah Florida
95,Garland, Texas,238002,226876,0.049,57.0,147.6,4122,1592,32.9098,-96.6303,Garland Texas
96,Fremont, California,234962,214089,0.0975,77.5,200.7,3008,1161,37.4945,-121.9412,Fremont California
97,Richmond, Virginia,227032,204214,0.1117,59.8,154.9,3732,1441,37.5314,-77.4760,Richmond Virginia
98,Boise, Idaho,226570,205671,0.1016,82.1,212.6,2718,1049,43.6002,-116.2317,Boise Idaho
99,Baton Rouge, Louisiana,225374,229493,,85.9,222.5,2651,1024,30.4422,-91.1309,Baton Rouge Louisiana
100,Des Moines, Iowa,217521,203433,0.0693,88.9,230.2,2424,936,41.5726,-93.6102,Des Moines Iowa
101,Spokane, Washington,217108,208916,0.0392,68.7,177.9,3144,1214,47.6669,-117.4333,Spokane Washington
102,San Bernardino, California,216995,209924,0.0337,61.5,159.3,3516,1358,34.1416,-117.2936,San Bernardino California
103,Modesto, California,214221,201165,0.0649,43.0,111.4,4934,1905,37.6375,-121.0030,Modesto California
104,Tacoma, Washington,213418,198397,0.0757,49.7,128.7,4251,1641,47.2522,-122.4598,Tacoma Washington
105,Fontana, California,211815,196069,0.0803,43.0,111.4,4876,1883,34.1090,-117.4629,Fontana California
106,Santa Clarita, California,210888,176320,0.1961,52.8,136.8,3446,1331,34.4030,-118.5042,Santa Clarita California
107,Birmingham, Alabama,210710,212237,,146.1,378.4,1452,561,33.5274,-86.7990,Birmingham Alabama
108,Oxnard, California,210037,197899,0.0613,26.9,69.7,7729,2984,34.2023,-119.2046,Oxnard California
109,Fayetteville, North Carolina,209889,200564,0.04650000000000001,147.7,382.5,1386,535,35.0828,-78.9735,Fayetteville North Carolina
110,Rochester, New York,208046,210565,,35.8,92.7,5835,2253,43.1699,-77.6169,Rochester New York
111,Moreno Valley, California,207226,193365,0.0717,51.3,132.9,4006,1547,33.9233,-117.2057,Moreno Valley California
112,Glendale, California,203054,191719,0.0591,30.4,78.7,6606,2551,34.1814,-118.2458,Glendale California
113,Yonkers, New York,202019,195976,0.0308,18.0,46.6,11156,4307,40.9459,-73.8674,Yonkers New York
114,Huntington Beach, California,201874,189992,0.0625,26.9,69.7,7459,2880,33.6906,-118.0093,Huntington Beach California
115,Aurora, Illinois,200965,197899,0.0155,44.9,116.3,4479,1729,41.7635,-88.2901,Aurora Illinois
116,Salt Lake City, Utah,200544,186440,0.0756,111.2,288.0,1742,673,40.7769,-111.9310,Salt Lake City Utah
117,Amarillo, Texas,199826,190695,0.0479,101.4,262.6,1968,760,35.1999,-101.8302,Amarillo Texas
118,Montgomery, Alabama,199518,205764,,159.8,413.9,1252,483,32.3472,-86.2661,Montgomery Alabama
119,Grand Rapids, Michigan,198829,188040,0.0574,44.4,115.0,4424,1708,42.9612,-85.6556,Grand Rapids Michigan
120,Little Rock, Arkansas,198606,193524,0.0263,118.7,307.4,1673,646,34.7254,-92.3586,Little Rock Arkansas
121,Akron, Ohio,197846,199110,,62.0,160.6,3188,1231,41.0805,-81.5214,Akron Ohio
122,Augusta, Georgia,197166,195844,0.0068000000000000005,302.5,783.5,652,252,33.3655,-82.0734,Augusta Georgia
123,Huntsville, Alabama,194585,180105,0.08039999999999999,213.4,552.7,905,349,34.6990,-86.6730,Huntsville Alabama
124,Columbus, Georgia,194058,189885,0.022000000000000002,216.4,560.5,913,353,32.5102,-84.8749,Columbus Georgia
125,Grand Prairie, Texas,193837,175396,0.1051,72.3,187.3,2637,1018,32.6869,-97.0211,Grand Prairie Texas
126,Shreveport, Louisiana,192036,199311,,107.1,277.4,1820,700,32.4669,-93.7922,Shreveport Louisiana
127,Overland Park, Kansas,191278,173372,0.1033,75.1,194.5,2516,971,38.8890,-94.6906,Overland Park Kansas
128,Tallahassee, Florida,191049,181376,0.0533,100.4,260.0,1901,734,30.4551,-84.2534,Tallahassee Florida
129,Mobile, Alabama,190265,195111,,139.4,361.0,1384,534,30.6684,-88.1002,Mobile Alabama
130,Port St. Lucie, Florida,189344,164603,0.1503,118.9,307.9,1557,601,27.2806,-80.3883,Port St. Lucie Florida
131,Knoxville, Tennessee,187347,178874,0.047400000000000005,98.5,255.1,1891,730,35.9707,-83.9493,Knoxville Tennessee
132,Worcester, Massachusetts,185677,181045,0.0256,37.4,96.9,4933,1905,42.2695,-71.8078,Worcester Massachusetts
133,Tempe, Arizona,185038,161719,0.1442,40.0,103.6,4562,1761,33.3884,-111.9318,Tempe Arizona
134,Cape Coral, Florida,183365,154305,0.1883,105.6,273.5,1703,658,26.6432,-81.9974,Cape Coral Florida
135,Brownsville, Texas,183299,175023,0.0473,132.5,343.2,1387,536,25.9991,-97.4550,Brownsville Texas
136,McKinney, Texas,181330,131117,0.38299999999999995,63.0,163.2,2735,1056,33.1985,-96.6680,McKinney Texas
137,Providence, Rhode Island,180393,178042,0.0132,18.4,47.7,9740,3760,41.8231,-71.4188,Providence Rhode Island
138,Fort Lauderdale, Florida,180072,165521,0.08789999999999999,34.6,89.6,5166,1995,26.1412,-80.1467,Fort Lauderdale Florida
139,Newport News, Virginia,179388,180719,,69.1,179.0,2631,1016,37.0762,-76.5220,Newport News Virginia
140,Chattanooga, Tennessee,179139,167674,0.0684,143.1,370.6,1241,479,35.0660,-85.2484,Chattanooga Tennessee
141,Rancho Cucamonga, California,177452,165269,0.0737,40.0,103.6,4413,1704,34.1233,-117.5642,Rancho Cucamonga California
142,Frisco, Texas,177286,116989,0.5154,67.7,175.3,2417,933,33.1554,-96.8226,Frisco Texas
143,Sioux Falls, South Dakota,176888,153888,0.1495,75.4,195.3,2312,893,43.5383,-96.7320,Sioux Falls South Dakota
144,Oceanside, California,176193,167086,0.0545,41.3,107.0,4249,1641,33.2245,-117.3062,Oceanside California
145,Ontario, California,175841,163924,0.0727,49.9,129.2,3471,1340,34.0394,-117.6042,Ontario California
146,Vancouver, Washington,175673,161791,0.0858,46.9,121.5,3728,1439,45.6349,-122.5957,Vancouver Washington
147,Santa Rosa, California,175269,167815,0.0444,41.3,107.0,4241,1637,38.4468,-122.7061,Santa Rosa California
148,Garden Grove, California,174226,170883,0.0196,18.0,46.6,9714,3751,33.7788,-117.9605,Garden Grove California
149,Elk Grove, California,171844,153015,0.1231,42.2,109.3,4022,1553,38.4146,-121.3850,Elk Grove California
150,Pembroke Pines, Florida,170712,154019,0.1084,33.0,85.5,5109,1973,26.0210,-80.3404,Pembroke Pines Florida
151,Salem, Oregon,169798,154637,0.098,48.6,125.9,3445,1330,44.9237,-123.0232,Salem Oregon
152,Eugene, Oregon,168916,156185,0.0815,44.1,114.2,3777,1458,44.0567,-123.1162,Eugene Oregon
153,Peoria, Arizona,168181,154065,0.0916,175.7,455.1,934,361,33.7862,-112.3080,Peoria Arizona
154,Corona, California,167836,152374,0.1015,39.5,102.3,4222,1630,33.8620,-117.5655,Corona California
155,Springfield, Missouri,167376,159498,0.049400000000000006,82.3,213.2,2033,785,37.1942,-93.2913,Springfield Missouri
156,Jackson, Mississippi,166965,173514,,111.0,287.5,1524,588,32.3158,-90.2128,Jackson Mississippi
157,Cary, North Carolina,165904,135234,0.2268,56.5,146.3,2873,1109,35.7809,-78.8133,Cary North Carolina
158,Fort Collins, Colorado,165080,143986,0.1465,55.8,144.5,2943,1136,40.5482,-105.0648,Fort Collins Colorado
159,Hayward, California,160500,144186,0.1131,45.5,117.8,3493,1349,37.6287,-122.1024,Hayward California
160,Lancaster, California,160316,156633,0.0235,94.3,244.2,1698,656,34.6936,-118.1753,Lancaster California
161,Alexandria, Virginia,160035,139966,0.1434,15.0,38.8,10387,4010,38.8201,-77.0841,Alexandria Virginia
162,Salinas, California,157596,150441,0.047599999999999996,23.6,61.1,6662,2572,36.6902,-121.6337,Salinas California
163,Palmdale, California,157519,152750,0.031200000000000002,106.0,274.5,1484,573,34.5910,-118.1054,Palmdale California
164,Lakewood, Colorado,154958,142980,0.08380000000000001,42.9,111.1,3599,1390,39.6989,-105.1176,Lakewood Colorado
165,Springfield, Massachusetts,154758,153060,0.0111,31.9,82.6,4830,1860,42.1155,-72.5400,Springfield Massachusetts
166,Sunnyvale, California,153656,140081,0.0969,22.0,57.0,6944,2681,37.3858,-122.0263,Sunnyvale California
167,Hollywood, Florida,153627,140768,0.0913,27.3,70.7,5568,2150,26.0310,-80.1646,Hollywood Florida
168,Pasadena, Texas,153520,149043,0.03,43.5,112.7,3525,1361,29.6586,-95.1506,Pasadena Texas
169,Clarksville, Tennessee,153205,132929,0.1525,98.3,254.6,1529,590,36.5664,-87.3452,Clarksville Tennessee
170,Pomona, California,152939,149058,0.026000000000000002,23.0,59.6,6630,2560,34.0585,-117.7611,Pomona California
171,Kansas City, Kansas,152938,145786,0.049100000000000005,124.8,323.2,1216,470,39.1225,-94.7418,Kansas City Kansas
172,Macon, Georgia,152663,91351,0.6712,249.3,645.7,612,236,32.8088,-83.6942,Macon Georgia
173,Escondido, California,151969,143911,0.055999999999999994,37.1,96.1,4087,1578,33.1331,-117.0740,Escondido California
174,Paterson, New Jersey,148678,146199,0.017,8.4,21.8,17500,6800,40.9148,-74.1628,Paterson New Jersey
175,Joliet, Illinois,148462,147433,0.006999999999999999,64.4,166.8,2302,889,41.5177,-88.1488,Joliet Illinois
176,Naperville, Illinois,147682,141853,0.041100000000000005,38.7,100.2,3802,1468,41.7492,-88.1620,Naperville Illinois
177,Rockford, Illinois,147051,152871,,63.5,164.5,2325,898,42.2588,-89.0646,Rockford Illinois
178,Torrance, California,146758,145438,0.0091,20.5,53.1,7180,2770,33.8350,-118.3414,Torrance California
179,Bridgeport, Connecticut,146579,144229,0.0163,16.1,41.7,9064,3500,41.1874,-73.1958,Bridgeport Connecticut
180,Savannah, Georgia,146444,136286,0.0745,103.6,268.3,1417,547,32.0025,-81.1536,Savannah Georgia
181,Killeen, Texas,145482,127921,0.1373,53.5,138.6,2680,1030,31.0777,-97.7320,Killeen Texas
182,Bellevue, Washington,144444,122363,0.1805,33.5,86.8,4221,1630,47.5979,-122.1565,Bellevue Washington
183,Mesquite, Texas,143949,139824,0.029500000000000002,47.2,122.2,3045,1176,32.7629,-96.5888,Mesquite Texas
184,Syracuse, New York,143396,145170,,25.0,64.7,5735,2214,43.0410,-76.1436,Syracuse New York
185,McAllen, Texas,142696,129877,0.0987,58.4,151.3,2435,940,26.2322,-98.2464,McAllen Texas
186,Pasadena, California,142647,137122,0.0403,23.0,59.6,6176,2385,34.1606,-118.1396,Pasadena California
187,Orange, California,140560,136416,0.0304,25.4,65.8,5532,2136,33.7870,-117.8613,Orange California
188,Fullerton, California,140392,135161,0.0387,22.4,58.0,6282,2425,33.8857,-117.9280,Fullerton California
189,Dayton, Ohio,140371,141527,,55.7,144.3,2522,974,39.7774,-84.1996,Dayton Ohio
190,Miramar, Florida,140328,122041,0.14980000000000002,29.4,76.1,4709,1818,25.9770,-80.3358,Miramar Florida
191,Olathe, Kansas,137472,125872,0.0922,60.9,157.7,2225,859,38.8843,-94.8195,Olathe Kansas
192,Thornton, Colorado,136978,118772,0.1533,35.7,92.5,3829,1478,39.9194,-104.9428,Thornton Colorado
193,Waco, Texas,136436,124805,0.0932,89.0,230.5,1510,580,31.5601,-97.1860,Waco Texas
194,Murfreesboro, Tennessee,136372,108755,0.2539,55.9,144.8,2360,910,35.8522,-86.4160,Murfreesboro Tennessee
195,Denton, Texas,136268,113383,0.2018,93.4,241.9,1433,553,33.2166,-97.1414,Denton Texas
196,West Valley City, Utah,136170,129480,0.051699999999999996,35.5,91.9,3847,1485,40.6885,-112.0118,West Valley City Utah
197,Midland, Texas,136089,111147,0.22440000000000002,74.4,192.7,1809,698,32.0246,-102.1135,Midland Texas
198,Carrollton, Texas,135710,119097,0.13949999999999999,36.3,94.0,3674,1419,32.9884,-96.8998,Carrollton Texas
199,Roseville, California,135329,118788,0.1392,43.0,111.4,3085,1191,38.7690,-121.3189,Roseville California
200,Warren, Michigan,135022,134056,0.0072,34.4,89.1,3928,1517,42.4929,-83.0250,Warren Michigan
201,Charleston, South Carolina,134875,120083,0.1232,109.0,282.3,1233,476,32.8179,-79.9590,Charleston South Carolina
202,Hampton, Virginia,134669,137436,,51.5,133.4,2629,1015,37.0480,-76.2971,Hampton Virginia
203,Surprise, Arizona,134085,117517,0.141,107.9,279.5,1230,470,33.6706,-112.4527,Surprise Arizona
204,Columbia, South Carolina,133114,129272,0.0297,133.5,345.8,1006,388,34.0291,-80.8980,Columbia South Carolina
205,Coral Springs, Florida,133037,121096,0.0986,23.8,61.6,5465,2110,26.2707,-80.2593,Coral Springs Florida
206,Visalia, California,133010,124442,0.0689,37.5,97.1,3495,1349,36.3273,-119.3289,Visalia California
207,Sterling Heights, Michigan,132631,129699,0.0226,36.5,94.5,3628,1401,42.5812,-83.0303,Sterling Heights Michigan
208,Gainesville, Florida,132249,124354,0.0635,62.3,161.4,2112,815,29.6788,-82.3461,Gainesville Florida
209,Cedar Rapids, Iowa,132228,126326,0.0467,70.8,183.4,1852,715,41.9670,-91.6778,Cedar Rapids Iowa
210,New Haven, Connecticut,131014,129779,0.0095,18.7,48.4,6948,2683,41.3108,-72.9250,New Haven Connecticut
211,Stamford, Connecticut,130824,122643,0.0667,37.6,97.4,3434,1326,41.0799,-73.5460,Stamford Connecticut
212,Elizabeth, New Jersey,130215,124969,0.042,12.3,31.9,10459,4038,40.6664,-74.1935,Elizabeth New Jersey
213,Concord, California,129783,122067,0.0632,30.5,79.0,4221,1630,37.9722,-122.0016,Concord California
214,Thousand Oaks, California,128995,126683,0.0183,55.2,143.0,2335,902,34.1933,-118.8742,Thousand Oaks California
215,Kent, Washington,128458,92411,0.3901,33.7,87.3,3784,1461,47.3880,-122.2127,Kent Washington
216,Santa Clara, California,127134,116468,0.0916,18.4,47.7,6845,2643,37.3646,-121.9679,Santa Clara California
217,Simi Valley, California,126878,124237,0.0213,41.5,107.5,3044,1175,34.2669,-118.7485,Simi Valley California
218,Lafayette, Louisiana,126848,120623,0.0516,53.8,139.3,2372,916,30.2074,-92.0285,Lafayette Louisiana
219,Topeka, Kansas,126587,127473,,61.5,159.3,2062,796,39.0347,-95.6962,Topeka Kansas
220,Athens, Georgia,125691,115452,0.08869999999999999,116.4,301.5,1060,410,33.9496,-83.3701,Athens Georgia
221,Round Rock, Texas,123678,99887,0.2382,35.6,92.2,3396,1311,30.5252,-97.6660,Round Rock Texas
222,Hartford, Connecticut,123400,124775,,17.4,45.1,7083,2735,41.7659,-72.6816,Hartford Connecticut
223,Norman, Oklahoma,122843,110925,0.1074,178.8,463.1,683,264,35.2406,-97.3453,Norman Oklahoma
224,Victorville, California,122441,115903,0.0564,73.3,189.8,1668,644,34.5277,-117.3536,Victorville California
225,Fargo,  North Dakota,122359,105549,0.1593,49.3,127.7,2450,950,46.8652,-96.8290,Fargo  North Dakota
226,Berkeley, California,122324,112580,0.0866,10.5,27.2,11547,4458,37.8670,-122.2991,Berkeley California
227,Vallejo, California,122105,115942,0.053200000000000004,30.7,79.5,3951,1525,38.1079,-122.2640,Vallejo California
228,Abilene, Texas,121885,117063,0.0412,106.7,276.4,1146,442,32.4545,-99.7381,Abilene Texas
229,Columbia, Missouri,121717,108500,0.12179999999999999,65.0,168.3,1856,717,38.9473,-92.3264,Columbia Missouri
230,Ann Arbor, Michigan,121477,113934,0.0662,28.1,72.8,4298,1659,42.2761,-83.7309,Ann Arbor Michigan
231,Allentown, Pennsylvania,121283,118032,0.0275,17.5,45.3,6882,2657,40.5936,-75.4784,Allentown Pennsylvania
232,Pearland, Texas,119940,91252,0.3144,46.3,119.9,2453,947,29.5558,-95.3231,Pearland Texas
233,Beaumont, Texas,119114,118296,0.0069,82.1,212.6,1441,556,30.0849,-94.1453,Beaumont Texas
234,Wilmington, North Carolina,119045,106476,0.11800000000000001,51.6,133.6,2278,880,34.2092,-77.8858,Wilmington North Carolina
235,Evansville, Indiana,118930,117429,0.0128,47.3,122.5,2526,975,37.9877,-87.5347,Evansville Indiana
236,Arvada, Colorado,118807,106433,0.11630000000000001,38.6,100.0,3043,1175,39.8337,-105.1503,Arvada Colorado
237,Provo, Utah,117335,112488,0.0431,41.7,108.0,2803,1082,40.2453,-111.6448,Provo Utah
238,Independence, Missouri,117306,116830,0.0040999999999999995,77.8,201.5,1504,581,39.0855,-94.3521,Independence Missouri
239,Lansing, Michigan,116986,114297,0.0235,39.1,101.3,2967,1146,42.7143,-84.5593,Lansing Michigan
240,Odessa, Texas,116861,99940,0.1693,45.2,117.1,2608,1007,31.8838,-102.3411,Odessa Texas
241,Richardson, Texas,116783,99223,0.177,28.6,74.1,3963,1530,32.9723,-96.7081,Richardson Texas
242,Fairfield, California,116266,105321,0.1039,40.9,105.9,2806,1083,38.2593,-122.0321,Fairfield California
243,El Monte, California,116109,113475,0.0232,9.6,24.9,12063,4658,34.0746,-118.0291,El Monte California
244,Rochester, Minnesota,115733,106769,0.084,54.6,141.4,2088,806,44.0154,-92.4772,Rochester Minnesota
245,Clearwater, Florida,115513,107685,0.0727,25.9,67.1,4415,1705,27.9789,-82.7666,Clearwater Florida
246,Carlsbad, California,115330,105328,0.095,37.7,97.6,3023,1167,33.1239,-117.2828,Carlsbad California
247,Springfield, Illinois,114868,116250,,60.1,155.7,1925,743,39.7911,-89.6446,Springfield Illinois
248,Temecula, California,114327,100097,0.1422,37.3,96.6,3031,1170,33.4931,-117.1317,Temecula California
249,West Jordan, Utah,113905,103712,0.0983,32.3,83.7,3520,1360,40.6024,-112.0008,West Jordan Utah
250,Costa Mesa, California,113825,109960,0.0351,15.7,40.7,7186,2775,33.6659,-117.9123,Costa Mesa California
251,Miami Gardens, Florida,113750,107167,0.061399999999999996,18.2,47.1,6212,2398,25.9489,-80.2436,Miami Gardens Florida
252,Cambridge, Massachusetts,113630,105162,0.0805,6.4,16.6,17289,6675,42.3760,-71.1187,Cambridge Massachusetts
253,College Station, Texas,113564,93857,0.21,51.0,132.1,2199,849,30.5852,-96.2964,College Station Texas
254,Murrieta, California,113326,103466,0.0953,33.6,87.0,3324,1283,33.5721,-117.1904,Murrieta California
255,Downey, California,113092,111772,0.0118,12.4,32.1,9134,3527,33.9382,-118.1309,Downey California
256,Peoria, Illinois,112883,115007,,48.2,124.8,2371,915,40.7515,-89.6174,Peoria Illinois
257,Westminster, Colorado,112812,106114,0.06309999999999999,31.7,82.1,3592,1387,39.8822,-105.0644,Westminster Colorado
258,Elgin, Illinois,112456,108188,0.0394,37.4,96.9,2998,1158,42.0396,-88.3217,Elgin Illinois
259,Antioch, California,111674,102372,0.0909,29.4,76.1,3772,1456,37.9791,-121.7962,Antioch California
260,Palm Bay, Florida,111657,103190,0.0821,65.7,170.2,1676,647,27.9856,-80.6626,Palm Bay Florida
261,High Point, North Carolina,111513,104371,0.0684,55.2,143.0,2015,778,35.9900,-79.9905,High Point North Carolina
262,Lowell, Massachusetts,111346,106519,0.0453,13.6,35.2,8129,3139,42.6390,-71.3211,Lowell Massachusetts
263,Manchester, New Hampshire,111196,109565,0.0149,33.1,85.7,3339,1289,42.9849,-71.4441,Manchester New Hampshire
264,Pueblo, Colorado,111127,106595,0.0425,53.6,138.8,2058,795,38.2699,-104.6123,Pueblo Colorado
265,Gresham, Oregon,111053,105594,0.051699999999999996,23.3,60.3,4786,1848,45.5023,-122.4416,Gresham Oregon
266,North Charleston, South Carolina,110861,97471,0.1374,73.7,190.9,1483,573,32.9178,-80.0650,North Charleston South Carolina
267,Ventura, California,110790,106433,0.0409,21.8,56.5,5027,1941,34.2678,-119.2542,Ventura California
268,Inglewood, California,110598,109673,0.0084,9.1,23.6,12160,4700,33.9561,-118.3443,Inglewood California
269,Pompano Beach, Florida,110473,99845,0.10640000000000001,24.0,62.2,4558,1760,26.2416,-80.1339,Pompano Beach Florida
270,Centennial, Colorado,110250,100377,0.0984,29.5,76.4,3727,1439,39.5906,-104.8691,Centennial Colorado
271,West Palm Beach, Florida,110222,99919,0.10310000000000001,55.1,142.7,1963,758,26.7464,-80.1251,West Palm Beach Florida
272,Everett, Washington,110079,103019,0.06849999999999999,33.3,86.2,3275,1264,47.9566,-122.1914,Everett Washington
273,Richmond, California,110040,103701,0.0611,30.1,78.0,3648,1409,37.9523,-122.3606,Richmond California
274,Clovis, California,109691,95631,0.147,24.2,62.7,4404,1700,36.8282,-119.6849,Clovis California
275,Billings, Montana,109642,104170,0.0525,43.7,113.2,2525,975,45.7885,-108.5499,Billings Montana
276,Waterbury, Connecticut,108629,110366,,28.5,73.8,3799,1467,41.5585,-73.0367,Waterbury Connecticut
277,Broken Arrow, Oklahoma,108303,98850,0.0956,61.7,159.8,1741,672,36.0365,-95.7810,Broken Arrow Oklahoma
278,Lakeland, Florida,108054,97422,0.1091,65.9,170.7,1615,624,28.0555,-81.9549,Lakeland Florida
279,West Covina, California,107598,106098,0.0141,16.0,41.4,6740,2600,34.0559,-117.9099,West Covina California
280,Boulder, Colorado,107125,97385,0.1,24.8,64.2,4358,1683,40.0270,-105.2519,Boulder Colorado
281,Daly City, California,107074,101123,0.0588,7.6,19.7,14009,5409,37.7009,-122.4650,Daly City California
282,Santa Maria, California,107014,99553,0.07490000000000001,22.8,59.1,4662,1800,34.9332,-120.4438,Santa Maria California
283,Hillsboro, Oregon,106894,91611,0.1668,25.0,64.7,4207,1624,45.5280,-122.9357,Hillsboro Oregon
284,Sandy Springs, Georgia,106739,93853,0.1373,37.7,97.6,2804,1083,33.9315,-84.3687,Sandy Springs Georgia
285,Norwalk, California,106084,105549,0.0051,9.7,25.1,10946,4226,33.9076,-118.0835,Norwalk California
286,Jurupa Valley, California,106028,0,,42.9,111.1,2414,932,34.0026,-117.4676,Jurupa Valley California
287,Lewisville, Texas,106021,95290,0.11259999999999999,36.7,95.1,2852,1101,33.0466,-96.9818,Lewisville Texas
288,Greeley, Colorado,105448,92889,0.1352,47.8,123.8,2176,840,40.4153,-104.7697,Greeley Colorado
289,Davie, Florida,105149,91992,0.14300000000000002,34.9,90.4,2919,1127,26.0791,-80.2850,Davie Florida
290,Green Bay, Wisconsin,105116,104057,0.0102,45.4,117.6,2316,894,44.5207,-87.9842,Green Bay Wisconsin
291,Tyler, Texas,104991,96900,0.08349999999999999,56.6,146.6,1852,715,32.3173,-95.3059,Tyler Texas
292,League City, Texas,104903,83560,0.2554,51.2,132.6,1992,769,29.4901,-95.1091,League City Texas
293,Burbank, California,104834,103340,0.014499999999999999,17.4,45.1,6003,2318,34.1901,-118.3264,Burbank California
294,San Mateo, California,104748,97207,0.0776,12.1,31.3,8592,3317,37.5603,-122.3106,San Mateo California
295,Wichita Falls, Texas,104747,104553,0.0019,72.2,187.0,1450,560,33.9067,-98.5259,Wichita Falls Texas
296,El Cajon, California,103894,99478,0.0444,14.5,37.6,7156,2763,32.8017,-116.9604,El Cajon California
297,Rialto, California,103562,99171,0.0443,22.3,57.8,4633,1789,34.1118,-117.3883,Rialto California
298,Lakewood , New Jersey,102682,92843,0.106,24.7,64.0,4079,1575,40.0771,-74.2004,Lakewood  New Jersey
299,Edison , New Jersey,102450,99967,0.0248,30.1,78.0,3389,1309,40.5040,-74.3494,Edison  New Jersey
300,Davenport, Iowa,102320,99685,0.0264,62.9,162.9,1631,630,41.5541,-90.6040,Davenport Iowa
301,South Bend, Indiana,102245,101168,0.0106,41.4,107.2,2457,949,41.6769,-86.2690,South Bend Indiana
302,Woodbridge, New Jersey,101965,99585,0.0239,23.3,60.3,4351,1680,40.5607,-74.2927,Woodbridge New Jersey
303,Las Cruces, New Mexico,101712,97618,0.04190000000000001,76.9,199.2,1323,511,32.3264,-106.7897,Las Cruces New Mexico
304,Vista, California,101568,93834,0.0824,18.7,48.4,5436,2099,33.1895,-117.2386,Vista California
305,Renton, Washington,101379,90927,0.1149,23.4,60.6,4314,1666,47.4761,-122.1920,Renton Washington
306,Sparks, Nevada,100888,90264,0.1177,35.9,93.0,2810,1080,39.5544,-119.7356,Sparks Nevada
307,Clinton, Michigan,100712,96796,0.0405,28.1,72.8,3573,1380,42.5903,-82.9170,Clinton Michigan
308,Allen, Texas,100685,84246,0.19510000000000002,27.1,70.2,3715,1434,33.0997,-96.6631,Allen Texas
309,Tuscaloosa, Alabama,100287,90468,0.1085,71.7,185.7,1399,540,33.2065,-87.5346,Tuscaloosa Alabama
310,San Angelo, Texas,100119,93200,0.0742,59.9,155.1,1681,649,31.4411,-100.4505,San Angelo Texas
311,Vacaville, California,100032,92428,0.0823,29.0,75.1,3449,1332,38.3539,-121.9728,Vacaville California
